<component name="ProjectRunConfigurationManager">
  <configuration default="false" name="Run Main" type="Application" factoryName="Application">
    <option name="MAIN_CLASS_NAME" value="edu.colorado.csci3155.project1.Main" />
    <module name="csci3155_s19_project1" />
    <option name="WORKING_DIRECTORY" value="file://$PROJECT_DIR$" />
    <extension name="coverage">
      <pattern>
        <option name="PATTERN" value="edu.colorado.csci3155.project1.*" />
        <option name="ENABLED" value="true" />
      </pattern>
    </extension>
    <method />
  </configuration>
</component>